EMAIL,PASSWORD,SIZE,FIRST NAME,LAST NAME,ADDRESS LINE 1,ADDRESS LINE 2,CITY,ZIPCODE,STATE/PROVINCE,COUNTRY,CARD NUMBER,EXPIRY MONTH,EXPIRY YEAR,CARD CVC
bevandavies1@outlook.com,GOgo20488,5.5,Gonzalo ,Rodriguez,20 Parkview Road,,London,SE9 3QW,New Eltham,GB,5354567992873140,04,27,432
callumgrey11@outlook.com,GOgo20488,5.5,Callum,Grey,4 Blenheim Court,20 DENHAM Street,London,SE10 0SJ,Greenwich,GB,5354567961227203,04,27,354
cleogeorge@outlook.com,GOgo20488,5.5,Vittoria,NG,56 Sparrows Lane,,London,SE9 2BT,New Eltham,GB,5354568050387643,04,27,205
derrenhodson1@outlook.com,GOgo20488,5.5,Olatz ,Erquiaga,186 Charlton Lane,,London,SE7 8HJ,Charlton,GB,5354567963134605,04,27,049
emmettjones11@outlook.com,GOgo20488,5.5,Emmett,Jones,5 Blenhei Court ,20 Denham St,London,SE10 0SJ,Greenwich,GB,5354568033167856,04,27,315
glennhandley@outlook.com,GOgo20488,5.5,Raquel,Ferriol,18 Kiveachy Gardens,,London,SE7 8ED,Charlton,GB,5354567990237678,04,27,251
hectorwoodward@outlook.com,GOgo20488,5.5,Ruth,Alonso,106 Westcome Hill,,London,SE3 7DT,Greenwich,GB,5354567932362279,04,27,152
jamessinclair41@outlook.com,GOgo20488,5.5,Luis,Albelo Cabana,137 Upton Lane,,London,E7 9PJ,Forrest Gate,GB,5354568023124289,04,27,196
jessemack11@outlook.com,GOgo20488,5.5,Lydia ,Forsdyke,37 Montbelle Road,,London,SE9 3PD,New Eltham,GB,5354567902156321,04,27,395
jonathancalderon1924@outlook.com,GOgo20488,5.5,Phoebe,Mcintyre,12 Crown Woods Way,,London,SE9 2NN,Eltham,GB,5354568053074388,04,27,736
mariorodriguez108@outlook.com,GOgo20488,5.5,Fabiano,R,16 Parkview Road,,London,SE9 3QW,New Eltham,GB,5354568073051812,04,27,984
mathewelliot28@outlook.com,GOgo20488,5.5,Dula,F,18 Parwkiew Road,,London,SE9 3QW,New Eltham,GB,5354568082854230,04,27,482
troybateman1@outlook.com,GOgo20488,5.5,Angela,Meza,85 Charlton Lane,,London,SE7 7AB,Charlton,GB,5354568022966292,04,27,335
